model	LL_per_pair	assoc_per_pair	median_t	frac_t_ge_10	P_ident_inf
LG	-5.19635	0.58807	1.36110	0.00061	0.05949
LG+G1	-5.18919	0.59523	2.09979	0.00429	0.05949
LG+G1.5	-5.18791	0.59651	1.81725	0.00123	0.05949
LGp	-5.18915	0.59527	1.42827	0.00061	0.05949
LGp+G1	-5.18148	0.60294	2.20341	0.00674	0.05949
LGp+G1.5	-5.18026	0.60417	1.90693	0.00123	0.05949
C20	-5.26269	0.54318	4.12157	0.34948	0.19675
C20+G0.35	-5.23030	0.57558	36.01516	0.70325	0.19902
C20+G0.5	-5.23386	0.57202	15.13270	0.59289	0.19693
C20p	-5.26450	0.54137	4.53841	0.36113	0.19675
C20p+G0.35	-5.23099	0.57489	36.01516	0.70938	0.19944
C20g	-5.26719	0.53868	5.24403	0.39117	0.19675
CML20	-5.19336	0.59784	1.36110	0.06806	0.15930
CML20r	-5.18691	0.59309	2.09979	0.12569	0.19505
