family,method,n_seqs,sp,tc,seconds,error
BB11001,mafft_auto,4,1.000000,1.000000,2.3,
BB11003,mafft_auto,3,0.854545,0.809091,0.8,
BB11004,mafft_auto,4,1.000000,1.000000,0.9,
BB11005,mafft_auto,9,0.804293,0.590909,1.2,
BB11007,mafft_auto,9,0.923889,0.800000,1.4,
BB11009,mafft_auto,4,0.500000,0.000000,1.0,
BB11010,mafft_auto,3,0.822464,0.793478,1.0,
BB11011,mafft_auto,3,0.085714,0.000000,0.9,
BB11012,mafft_auto,4,0.972222,0.949275,0.9,
BB11013,mafft_auto,5,0.100000,0.000000,0.8,
BB11014,mafft_auto,5,0.370000,0.000000,1.2,
BB11015,mafft_auto,3,0.811688,0.740260,0.7,
BB11017,mafft_auto,3,0.873479,0.824818,0.8,
BB11018,mafft_auto,12,0.930201,0.808989,4.0,
BB11019,mafft_auto,8,0.843045,0.684211,1.0,
BB11020,mafft_auto,8,0.881336,0.741935,0.8,
BB11021,mafft_auto,3,0.751938,0.720930,0.7,
BB11023,mafft_auto,6,0.660000,0.500000,0.8,
BB11028,mafft_auto,9,0.716553,0.000000,0.8,
BB11029,mafft_auto,3,0.586667,0.520000,0.7,
BB11030,mafft_auto,12,0.799435,0.661017,1.2,
BB11031,mafft_auto,10,0.654938,0.166667,1.6,
BB11032,mafft_auto,8,0.922932,0.894737,1.0,
BB11035,mafft_auto,4,0.564516,0.387097,0.6,
BB11036,mafft_auto,6,0.816260,0.560976,0.9,
BB11038,mafft_auto,6,0.936782,0.810345,1.0,
BB12001,mafft_auto,3,0.858048,0.787072,0.8,
BB12005,mafft_auto,3,0.960526,0.940789,0.7,
BB12006,mafft_auto,4,0.934823,0.899441,0.7,
BB12008,mafft_auto,3,0.885653,0.831715,0.7,
BB12014,mafft_auto,6,0.936937,0.810811,0.6,
BB12015,mafft_auto,4,0.977169,0.958904,0.6,
BB12017,mafft_auto,4,0.948718,0.913462,0.7,
BB12021,mafft_auto,4,0.813725,0.686275,0.6,
BB12026,mafft_auto,3,0.903814,0.855721,0.7,
BB12028,mafft_auto,4,0.875262,0.805031,0.7,
BB12032,mafft_auto,5,0.900000,0.777778,0.7,
BB12033,mafft_auto,3,0.794074,0.693333,0.7,
BB12036,mafft_auto,7,0.993565,0.986486,0.9,
BB12037,mafft_auto,3,0.940285,0.917112,0.8,
BB12041,mafft_auto,3,0.787879,0.681818,0.7,
BB20001,mafft_auto,3,0.982906,0.974359,0.7,
BB20002,mafft_auto,4,0.316667,0.000000,0.9,
BB20005,mafft_auto,7,0.749206,0.500000,1.0,
BB20006,mafft_auto,4,0.895115,0.801724,0.7,
BB20007,mafft_auto,11,0.947475,0.844444,1.5,
BB20008,mafft_auto,8,0.948276,0.793103,0.7,
BB20010,mafft_auto,3,0.756258,0.640316,0.8,
BB20014,mafft_auto,3,0.085714,0.000000,0.7,
BB20015,mafft_auto,4,0.000000,0.000000,0.7,
BB20017,mafft_auto,3,0.644444,0.466667,0.7,
BB20018,mafft_auto,5,0.899412,0.752941,0.7,
BB20021,mafft_auto,5,0.728431,0.617647,1.0,
BB20022,mafft_auto,4,0.750000,0.653846,0.7,
BB20023,mafft_auto,8,0.882353,0.843137,0.8,
BB20028,mafft_auto,6,0.944578,0.843373,0.8,
BB20030,mafft_auto,4,0.361111,0.000000,0.7,
BB20033,mafft_auto,3,0.333333,0.000000,0.6,
BB20034,mafft_auto,7,0.706649,0.481132,0.8,
BB20035,mafft_auto,7,0.761252,0.520548,0.8,
BB20036,mafft_auto,5,0.600000,0.000000,0.6,
BB20038,mafft_auto,3,0.875000,0.812500,0.6,
BB20039,mafft_auto,5,0.749315,0.589041,0.7,
BB30001,mafft_auto,6,0.989071,0.967213,0.9,
BB30002,mafft_auto,4,0.706422,0.522936,0.7,
BB30003,mafft_auto,6,0.600000,0.357143,0.9,
BB30004,mafft_auto,3,0.884774,0.827160,0.7,
BB30005,mafft_auto,10,0.893767,0.780488,1.2,
BB30006,mafft_auto,12,0.833333,0.000000,0.7,
BB30010,mafft_auto,3,0.644444,0.466667,0.7,
BB30011,mafft_auto,4,0.834515,0.673759,0.7,
BB30012,mafft_auto,4,1.000000,1.000000,0.9,
BB30013,mafft_auto,4,0.800000,0.600000,1.1,
BB30014,mafft_auto,3,0.932432,0.932432,0.6,
BB30015,mafft_auto,5,0.819355,0.548387,0.6,
BB30017,mafft_auto,4,0.593220,0.491525,0.7,
BB30022,mafft_auto,3,0.333333,0.000000,0.6,
BB30023,mafft_auto,8,0.825000,0.563636,0.8,
BB30024,mafft_auto,7,0.741935,0.451613,1.0,
BB30025,mafft_auto,6,0.550000,0.250000,0.7,
BB30026,mafft_auto,4,0.867925,0.779874,0.8,
BB30027,mafft_auto,6,0.400000,0.000000,0.7,
BB30028,mafft_auto,3,0.670940,0.589744,0.7,
BB30030,mafft_auto,6,0.973333,0.920000,0.7,
BB40006,mafft_auto,4,0.845865,0.751880,0.7,
BB40008,mafft_auto,3,0.884774,0.827160,0.7,
BB40009,mafft_auto,8,0.892857,0.717391,0.9,
BB40012,mafft_auto,4,0.765476,0.671429,0.7,
BB40013,mafft_auto,8,0.750000,0.000000,0.6,
BB40014,mafft_auto,3,0.831804,0.752294,0.7,
BB40016,mafft_auto,7,1.000000,1.000000,0.7,
BB40017,mafft_auto,7,1.000000,1.000000,0.7,
BB40018,mafft_auto,3,0.875000,0.833333,0.7,
BB40019,mafft_auto,3,0.927656,0.906593,0.7,
BB40022,mafft_auto,5,1.000000,1.000000,0.8,
BB40023,mafft_auto,4,0.888889,0.777778,0.8,
BB40026,mafft_auto,6,0.835897,0.673077,1.7,
BB40027,mafft_auto,7,0.850064,0.675676,1.1,
BB40028,mafft_auto,3,0.903814,0.855721,0.7,
BB40029,mafft_auto,9,0.987548,0.965517,0.7,
BB40030,mafft_auto,3,0.882155,0.848485,0.7,
BB40036,mafft_auto,5,0.954450,0.890052,0.8,
BB40038,mafft_auto,4,0.912281,0.824561,0.6,
BB40039,mafft_auto,5,0.955894,0.893536,1.0,
BB40042,mafft_auto,9,0.930021,0.769231,0.8,
BB40043,mafft_auto,5,0.793548,0.516129,0.8,
BB40044,mafft_auto,5,0.600000,0.000000,0.6,
BB40045,mafft_auto,3,0.787879,0.681818,0.6,
BB40049,mafft_auto,3,0.993827,0.990741,0.6,
BB50001,mafft_auto,3,0.873016,0.809524,0.6,
BB50002,mafft_auto,9,1.000000,1.000000,1.4,
BB50004,mafft_auto,3,0.993711,0.990566,0.6,
BB50005,mafft_auto,3,1.000000,1.000000,0.7,
BB50006,mafft_auto,10,0.892632,0.757895,2.9,
BB50007,mafft_auto,11,0.920992,0.781818,0.9,
BB50008,mafft_auto,7,0.946618,0.828025,0.8,
BB50012,mafft_auto,6,0.862476,0.731429,0.8,
BB50013,mafft_auto,3,0.955556,0.933333,0.8,
BB50014,mafft_auto,6,0.959836,0.897541,0.9,
BB50015,mafft_auto,8,0.709559,0.411765,1.0,
